buses,device,inject_ms,jacobian_ms,ilu_ms,solve_ms,update_ms
1000,gpu,2.302,0.365,2.250,144.506,0.411
1000,cpu1,0.291,0.429,0.901,16.254,0.024
1000,cpuN,45.395,13.182,1.031,353.113,0.017
5000,gpu,2.430,0.805,3.972,355.879,0.113
5000,cpu1,1.208,2.097,3.893,166.729,0.109
5000,cpuN,29.245,9.443,4.356,830.536,4.655
10000,gpu,3.956,1.205,6.628,638.296,0.568
10000,cpu1,3.252,5.146,7.570,589.481,0.246
10000,cpuN,1.186,1.033,8.454,1105.593,0.080
20000,gpu,4.375,2.748,12.971,1741.911,0.596
20000,cpu1,6.449,11.102,18.712,2578.493,0.705
20000,cpuN,35.162,9.176,17.104,3073.039,4.430
50000,gpu,5.075,5.118,24.258,3630.423,0.712
50000,cpu1,16.939,28.173,47.087,10150.676,1.962
50000,cpuN,27.054,14.460,54.283,20136.576,9.953
100000,gpu,10.387,18.228,78.727,11688.849,1.664
100000,cpu1,38.289,60.772,94.187,24136.728,3.086
100000,cpuN,74.089,36.640,107.234,45047.041,12.356
200000,gpu,18.712,30.025,135.936,28577.843,2.963
200000,cpu1,822.986,984.850,333.528,98640.102,148.737
200000,cpuN,84.672,55.741,208.590,67040.747,5.680
