buses,iteration,max_mismatch_pu,bicg_iterations
1000,0,2.170e+00,2
1000,1,5.173e-02,27
1000,2,3.259e-04,56
1000,3,1.425e-06,75
1000,4,8.153e-14,0
5000,0,2.307e+00,2
5000,1,5.488e-02,98
5000,2,5.861e-04,133
5000,3,3.384e-05,155
5000,4,5.142e-11,0
10000,0,2.715e+00,2
10000,1,6.767e-02,126
10000,2,6.876e-04,190
10000,3,1.686e-06,240
10000,4,4.504e-12,0
20000,0,3.085e+00,2
20000,1,6.809e-02,176
20000,2,1.266e-03,231
20000,3,1.143e-04,282
20000,4,1.135e-08,387
20000,5,1.048e-13,0
50000,0,2.805e+00,2
50000,1,6.860e-02,267
50000,2,3.938e-03,410
50000,3,1.002e-05,505
50000,4,6.181e-10,0
100000,0,3.175e+00,2
100000,1,7.872e-02,339
100000,2,1.250e-02,562
100000,3,2.655e-04,627
100000,4,1.230e-05,596
100000,5,5.469e-12,0
200000,0,3.223e+00,2
200000,1,7.870e-02,454
200000,2,1.203e-01,312
200000,3,4.957e-04,879
200000,4,1.176e-04,882
200000,5,6.802e-10,0
